user,item,topk,counterfactual,predicted_scores,replacement,actual_scores_0,actual_scores_avg
182011,6179,"[6179, 2360, 8175, 12148, 30337]",{21},"[0.0072185597, 0.009733339, 0.0053824103, 0.0052501177, 0.0036440133]",2360,"[0.0026189428754150867, -0.002144696656614542, 0.00045021367259323597, -0.0019055043812841177, -0.0016232043271884322]","[0.0026189428754150867, -0.002144696656614542, 0.00045021367259323597, -0.0019055043812841177, -0.0016232043271884322]"
182012,19521,"[19521, 13135, 21434, 6179, 11268]",{108},"[0.003868462, 0.0027054586, 0.002340107, 0.003112392, 0.003913525]",11268,"[-8.479866664856672e-05, 0.0006747408770024776, -0.0007586026331409812, 0.0026183570735156536, 0.0008251083781942725]","[-8.479866664856672e-05, 0.0006747408770024776, -0.0007586026331409812, 0.0026183570735156536, 0.0008251083781942725]"
182013,3201,"[3201, 11268, 13795, 11523, 28652]",{119},"[0.0054076803, 0.0064996667, 0.00484687, 0.005125101, 0.005002242]",11268,"[-0.001394742401316762, 0.0008252201369032264, -0.0006966889486648142, 0.001347496290691197, -0.0023590929340571165]","[-0.001394742401316762, 0.0008252201369032264, -0.0006966889486648142, 0.001347496290691197, -0.0023590929340571165]"
182014,11268,"[11268, 30547, 11523, 7757, 13795]",{38},"[0.004537287, 0.0033990447, 0.004622919, 0.0037422352, 0.0032028225]",11523,"[0.0008250194368883967, 0.00024207995738834143, 0.0013472544960677624, -0.000921912316698581, -0.0006964604835957289]","[0.0008250194368883967, 0.00024207995738834143, 0.0013472544960677624, -0.000921912316698581, -0.0006964604835957289]"
182015,11268,"[11268, 2360, 13907, 3201, 6831]",{246},"[0.00627916, 0.0066660224, 0.006089026, 0.006444646, 0.006181095]",2360,"[0.0008247833466157317, -0.002144968369975686, 0.0004475782625377178, -0.001394770573824644, 0.0007014813600108027]","[0.0008247833466157317, -0.002144968369975686, 0.0004475782625377178, -0.001394770573824644, 0.0007014813600108027]"
